<?xml version="1.0"?>
<!DOCTYPE modification SYSTEM "http://www.simplemachines.org/xml/modification">
<!-- - - - - - - - - - - - - - - - - - - - - - - - - - - - - - - - - - - - - - -

	ATTENTION: If you are trying to install this manually, you should try
	the package manager.  If it will not work for you, please take a look
	at the following for information on this format:
		http://www.simplemachines.org/redirect/manual_mod_install

================================================================================

	Modification files can be used to modify files so that they do what
	your package needs them to do to work properly.

 - - - - - - - - - - - - - - - - - - - - - - - - - - - - - - - - - - - - - - -->

<modification xmlns="http://www.simplemachines.org/xml/modification" xmlns:smf="http://www.simplemachines.org/">
	<id>fr3aker</id>
	<name>notCaptcha</name>
	<version>1.06</version>

	<file name="$themedir/index.template.php">
		<operation>
			<search position="after"><![CDATA[
</head>
]]></search>
			<add><![CDATA[
';

		// add notCaptcha code
		if(function_exists('notCaptcha_AddCss'))
			notCaptcha_AddCss();
echo '
]]></add>
		</operation>
	</file>
	<file name="$themedir/Register.template.php">		
		<operation>
			<search position="after"><![CDATA[
	echo '
			<div id="confirm_buttons">
]]></search>
			<add><![CDATA[

		// add notCaptcha
		if (function_exists('notCaptcha_AddToRegisterForm')) {
		echo '
			<div class="title_bar">
				<h4 class="titlebg">', $txt['verification'], '</h4>
			</div>
			<div class="windowbg2">
				<span class="topslice"><span></span></span>
				<fieldset class="content">
					<div style="width:50%;float:left;"><strong>' . $txt['notcaptcha_form1'] . '</strong><br />
						<span class="smalltext">' . $txt['notcaptcha_form2'] . '
							<img src="' . $modSettings['notCaptcha']['url'] . 'vertical_sign.png" alt="^" border="0" />
						</span>
					</div>
					<div style="width:50%;display:block;padding-bottom:5px;float:right;text-align:left;" id="captchaImgDiv">';
		notCaptcha_AddToRegisterForm();
		echo '
					</div>
				</fieldset>
				<span class="botslice"><span></span></span>
			</div>';
		}

]]></add>
		</operation>
	</file>
	<file name="$sourcedir/Register.php">
		<operation>
			<search position="after"><![CDATA[
	// !!! Why isn't this a simple set operation?
	// Were there any errors?
]]></search>
			<add><![CDATA[

	// initialize notCaptcha
	require_once($sourcedir."/not-captcha.php");

]]></add>
		</operation>

		<operation>
			<search position="after"><![CDATA[
	}

	foreach ($_POST as $key => $value)
]]></search>
			<add><![CDATA[

		// was notCaptcha solved correctly?
		require_once($sourcedir."/not-captcha.php");
		$notCaptcha_reg_error = notCaptcha_CheckRegisterPostNew();
		if (!empty($notCaptcha_reg_error))
			$reg_errors[] = $txt[$notCaptcha_reg_error];
		unset($notCaptcha_reg_error);

]]></add>
		</operation>

		<operation>
			<search position="after"><![CDATA[
	// If COPPA has been selected then things get complicated, setup the template.
]]></search>
			<add><![CDATA[

	// do some cleanup for notCaptcha
	if (function_exists('notCaptcha_RegistrationDone'))
		notCaptcha_RegistrationDone();

]]></add>
		</operation>

		<operation>
			<search position="end" />
			<add><![CDATA[

// generate notCaptcha image
function notCaptcha_img() {
	/*
	* Based on myWebNotCaptcha 1.2 for Wordpress
	* Created by WebJema 2009
	* notcaptcha.webjema.com
	*
	* Simple Machines Forum(R) modification by fr3aker
	*
	* See notcaptcha_config.php for customizing
	*/

	global $boarddir;

	require_once($boarddir.'/notcaptcha/notcaptcha_config.php');

	if (isset($_SESSION['nc_session']))
		if ($_SESSION['nc_session'] != session_id())
			die('session error');
	else
		$_SESSION['nc_session'] = session_id();

	if(!isset($_REQUEST['i']))
		die('Hacking attempt...');

	if($_REQUEST['i'] == 3 OR $_REQUEST['i'] == 2 OR $_REQUEST['i'] == 1)
		$imgNum = (int)$_REQUEST['i'];
	else
		die('Hacking attempt...');

	if(isset($_SESSION['nc_solved']))
		unset($_SESSION['nc_solved']);

	$angles = $modSettings['notCaptcha']['notcaptcha_angles'];

	// load images from gallery
	$images = array();
	$imgdir_absolute = $boarddir.'/'.$modSettings['notCaptcha']['notcaptcha_imgdir'];
	if ($handle = opendir($imgdir_absolute)) {
		while (false !== ($file = readdir($handle))) {
			if (preg_match('/\.png$/i', $file))
				$images[]=$imgdir_absolute.'/'.$file;
		} // while
	    closedir($handle);
	} // if

	// shuffle it
	if (is_array($images) && count($images) > 0)
		shuffle($images);

	// find not used image
	if (isset($_SESSION['nc_used_images'])) {
		if (!is_array($_SESSION['nc_used_images']))
			$_SESSION['nc_used_images'] = array();
	} else
		$_SESSION['nc_used_images'] = array();

	while (count($_SESSION['nc_used_images']) > 3) {
		array_shift($_SESSION['nc_used_images']);
	} // while
	do {
		$img_file = array_shift($images);
	} while (in_array($img_file, $_SESSION['nc_used_images']) === true);
	$_SESSION['nc_used_images'][] = $img_file;

	// calculate frame size
	$start = strrpos($img_file, '_');
	$end = strrpos($img_file, '.');
	$imginfo = explode('x', substr($img_file, $start + 1, $end - $start - 1) );
	$key = rand(1, $imginfo[0]);
	$size = $imginfo[1];
	$startPos = ($key-1) * $size + ($key-1);

	$imgf=imagecreatefrompng($img_file);
	imagealphablending($imgf, true);

	$img=imagecreatetruecolor($size, $size);
	imagealphablending($img, true);
	$background	=	imagecolorallocate($img, $modSettings['notCaptcha']['nc_back_r'], $modSettings['notCaptcha']['nc_back_g'], $modSettings['notCaptcha']['nc_back_b']);
	$delim		=	imagecolorallocate($img, $modSettings['notCaptcha']['notcaptcha_delim_color'][0], $modSettings['notCaptcha']['notcaptcha_delim_color'][1], $modSettings['notCaptcha']['notcaptcha_delim_color'][2]);

	// draw image
	imagefilledrectangle($img, 0, 0, $size, $size, $background);
	imagecopy($img, $imgf, 1, 1, $startPos, 1, $size, $size);

	// set random start position
	// no shuffle for consequentially rotation
	$end = rand(0,count($angles));
	for ($i=0;$i < $end;$i++) {
		$val = array_shift($angles);
		$angles[] = $val;
	}

	// save correct answer
	$_SESSION['nc_tries'] = 0;
	$cookie_encrypt = md5(session_id().array_search(0, $angles, 1).$modSettings['notCaptcha']['nc_cookie_enc']);
	setcookie('nc_answer_'.$imgNum, $cookie_encrypt);

	$pos = 0;
	$counter = 1;
	$imgRes=imagecreatetruecolor($modSettings['notCaptcha']['imagesize']*count($modSettings['notCaptcha']['notcaptcha_angles'])+count($modSettings['notCaptcha']['notcaptcha_angles'])-1, $modSettings['notCaptcha']['imagesize']);
	foreach ($angles as $angle) {
		$img2 = imagerotate( $img, $angle, $background );
		$width = imagesx($img2);
		$height = imagesy($img2);
		imagecopyresampled( $imgRes, $img2, $pos, 0, abs(round(($size - $width)/2)), abs(round(($size - $height)/2)), $modSettings['notCaptcha']['imagesize'], $modSettings['notCaptcha']['imagesize'], $size, $size);
		imageline( $imgRes, $pos+$modSettings['notCaptcha']['imagesize'], 1, $pos+$modSettings['notCaptcha']['imagesize'], $modSettings['notCaptcha']['imagesize'], $delim);

		if ($modSettings['notCaptcha']['nc_addnoise'] == 'true') {
			// noise block
			$dx = rand(0, $modSettings['notCaptcha']['imagesize'] / 3);
			$dw = round($dx + rand(0, $modSettings['notCaptcha']['imagesize'] / 3));
			if (rand(1,10) > 5) $dx = -$dx;
			$dy = rand(0, $modSettings['notCaptcha']['imagesize'] / 2);
			$dh = round($dy + rand(0, $modSettings['notCaptcha']['imagesize'] / 2));
			if (rand(1,10) > 5) $dy = -$dy;
			imagefilledellipse ( $imgRes , $pos + round($modSettings['notCaptcha']['imagesize']/2) + $dx , round($modSettings['notCaptcha']['imagesize']/2) + $dy , $dw , $dh, imagecolorallocatealpha($imgRes, rand(100,250), rand(100,250), rand(100,250), rand(30, 80)));
			// end of noise block
		} // nc_addnoise

		if (isset($_REQUEST['n'])) {
			imagestring($imgRes, 2, $pos + 3, 1, $counter, $delim);
			$counter++;
		}
		$pos += $modSettings['notCaptcha']['imagesize'] + 1;
	} // foreach

	
	if(function_exists("imagejpeg")){
		header("Content-Type: image/jpeg");
		imagejpeg($imgRes, null, $modSettings['notCaptcha']['notcaptcha_jpeg_quality']);
	}else if(function_exists("imagegif")){
		header("Content-Type: image/gif");
		imagegif($imgRes);
	}else if(function_exists("imagepng")){
		header("Content-Type: image/x-png");
		imagepng($imgRes);
	}

	die();


}

]]></add>
		</operation>
	</file>
	<file name="$boarddir/index.php">
		<operation>
			<search position="before"><![CDATA['smstats', 'mailq', 'verificationcode', 'openidreturn']]></search>
			<add><![CDATA[, 'notCaptcha']]></add>
		</operation>
		<operation>
			<search position="after"><![CDATA[
		'notify' => array('Notify.php', 'Notify'),
]]></search>
			<add><![CDATA[
		'notCaptcha' => array('Register.php', 'notCaptcha_img'),]]></add>
		</operation>
	</file>
</modification>
