﻿<?xml version="1.0"?>
<!DOCTYPE modification SYSTEM "http://www.simplemachines.org/xml/modification">
<!-- - - - - - - - - - - - - - - - - - - - - - - - - - - - - - - - - - - - - - -

	ATTENTION: If you are trying to install this manually, you should try
	the package manager.  If it will not work for you, please take a look
	at the following for information on this format:
		http://www.simplemachines.org/redirect/manual_mod_install

================================================================================

	Modification files can be used to modify files so that they do what
	your package needs them to do to work properly.

 - - - - - - - - - - - - - - - - - - - - - - - - - - - - - - - - - - - - - - -->

<modification xmlns="http://www.simplemachines.org/xml/modification" xmlns:smf="http://www.simplemachines.org/">
	<id>fr3aker</id>
	<name>notCaptcha</name>
	<version>1.06</version>

	<file name="$languagedir/Modifications.english-utf8.php" error="skip">
		<operation>
			<search position="end" />
			<add><![CDATA[
			
// begin notCaptcha strings
$txt['notcaptcha_gd_not_enabled'] = '<p style="color:maroon">ERROR: notCaptcha plugin: GD image support not detected in PHP!</p>';
$txt['notcaptcha_jpegpnggif'] = '<p style="color:maroon">ERROR: notCaptcha plugin: no image create function (imagepng/imagejpeg/imagegif) function not detected in PHP!</p>';

$txt['notcaptcha_form1'] = 'Complete the Captcha:';
$txt['notcaptcha_form2'] = 'Place these icons <b>vertically</b>';
$txt['notcaptcha_reload'] = 'Reload images';
$txt['notcaptcha_move_em'] = 'Move the sliders to arrange the icons <strong>vertically</strong>.';
$txt['notcaptcha_nojs'] = '<b>ERROR:</b> You need to enable JavaScript and allow temporary cookies!';

$txt['notcaptcha_error_notdone'] = '<strong>ERROR</strong>: Please complete the Captcha.';
$txt['notcaptcha_error_toomuch'] = '<strong>ERROR</strong>: You have made too many attempts to enter Captcha. Press your browser\'s back button, <b>reload images</b> and try again.';
$txt['notcaptcha_error_session'] = '<strong>ERROR</strong>: Incorrect session. Please go back and reload the page.';
$txt['notcaptcha_error_cookie'] = '<strong>ERROR</strong>: Cookie not set. Make sure temporary cookies are allowed and try again.';
$txt['notcaptcha_error_fail'] = '<strong>ERROR</strong>: That Captcha was incorrect.';
]]></add>
		</operation>
	</file>
	<file name="$languagedir/Modifications.english_british-utf8.php" error="skip">
		<operation>
			<search position="end" />
			<add><![CDATA[
			
// begin notCaptcha strings
$txt['notcaptcha_gd_not_enabled'] = '<p style="color:maroon">ERROR: notCaptcha plugin: GD image support not detected in PHP!</p>';
$txt['notcaptcha_jpegpnggif'] = '<p style="color:maroon">ERROR: notCaptcha plugin: no image create function (imagepng/imagejpeg/imagegif) function not detected in PHP!</p>';

$txt['notcaptcha_form1'] = 'Complete the Captcha:';
$txt['notcaptcha_form2'] = 'Place these icons <b>vertically</b>';
$txt['notcaptcha_reload'] = 'Reload images';
$txt['notcaptcha_move_em'] = 'Move the sliders to arrange the icons <strong>vertically</strong>.';
$txt['notcaptcha_nojs'] = '<b>ERROR:</b> You need to enable JavaScript and allow temporary cookies!';

$txt['notcaptcha_error_notdone'] = '<strong>ERROR</strong>: Please complete the Captcha.';
$txt['notcaptcha_error_toomuch'] = '<strong>ERROR</strong>: You have made too many attempts to enter Captcha. Press your browser`s back button, <b>reload images</b> and try again.';
$txt['notcaptcha_error_session'] = '<strong>ERROR</strong>: Incorrect session. Please go back and reload the page.';
$txt['notcaptcha_error_cookie'] = '<strong>ERROR</strong>: Cookie not set. Make sure temporary cookies are allowed and try again.';
$txt['notcaptcha_error_fail'] = '<strong>ERROR</strong>: That Captcha was incorrect.';
]]></add>
		</operation>
	</file>
	<file name="$languagedir/Modifications.german-utf8.php" error="skip">
		<operation>
			<search position="end" />
			<add><![CDATA[

// begin notCaptcha strings
$txt['notcaptcha_gd_not_enabled'] = '<p style="color:maroon">FEHLER: notCaptcha Plugin: GD Bildunterstützung nicht gefunden in PHP!</p>';
$txt['notcaptcha_jpegpnggif'] = '<p style="color:maroon">ERROR: notCaptcha Plugin: keine Bilderstellungsfunktion (imagepng/imagejpeg/imagegif) gefunden in PHP!</p>';

$txt['notcaptcha_form1'] = 'Löse das Captcha:';
$txt['notcaptcha_form2'] = 'Drehe die Bilder <b>vertikal</b>';
$txt['notcaptcha_reload'] = 'Bilder neu laden';
$txt['notcaptcha_move_em'] = 'Bewege die Schieber um die Bilder zu drehen';
$txt['notcaptcha_nojs'] = '<b>FEHLER:</b> JavaScript und temporäre Cookies müssen erlaubt sein!';

$txt['notcaptcha_error_notdone'] = '<strong>FEHLER</strong>: Bitte löse das Captcha.';
$txt['notcaptcha_error_toomuch'] = '<strong>FEHLER</strong>: Du hast zu viele Versuche gebraucht um das Captcha zu lösen. Klicke auf "Zurück", <b>lade die Bilder neu</b> und versuche es nochmal.';
$txt['notcaptcha_error_session'] = '<strong>FEHLER</strong>: Session-Fehler. Klicke auf "Zurück" und lade die Seite neu!';
$txt['notcaptcha_error_cookie'] = '<strong>ERROR</strong>: Cookie nicht gesetzt. Vergewissere dich, dass temporäre Cookies erlaubt sind und versuche es nochmal.';
$txt['notcaptcha_error_fail'] = '<strong>FEHLER</strong>: Die Lösung für das Captcha war falsch.';
]]></add>
		</operation>
	</file>
	<file name="$languagedir/Modifications.portuguese_pt-utf8.php" error="skip">
		<operation>
			<search position="end" />
			<add><![CDATA[
			
// begin notCaptcha strings translate by candidosa2
$txt['notcaptcha_gd_not_enabled'] = '<p style="color:maroon">ERRO: Captcha sem o plugin: GD não suporta a imagemm ou não é detectado no PHP!</p>';
$txt['notcaptcha_jpegpnggif'] = '<p style="color:maroon">ERRO: Captcha esta sem plugin: nenhuma imagem para criar função (imagepng/imagejpeg/imagegif) A funcão não foi detectado em PHP!</p>';

$txt['notcaptcha_form1'] = 'Captcha Completo:';
$txt['notcaptcha_form2'] = 'Coloque esses ícones <b>vertical</b>';
$txt['notcaptcha_reload'] = 'Actualizar imagens';
$txt['notcaptcha_move_em'] = 'Mova os slides para mudar o ângulo das imagens';
$txt['notcaptcha_nojs'] = '<b>ERRO:</b> Você precisa activar o JavaScript e permitir que temporária cookies!';

$txt['notcaptcha_error_notdone'] = '<strong>ERRO</strong>: Por favor, complete o Captcha.';
$txt['notcaptcha_error_toomuch'] = '<strong>ERRO</strong>: Você fez também muitas tentativas de introduzir Captcha. Pressione o botão BACK do seu browser, <b>reload images</b> e tente novamente.';
$txt['notcaptcha_error_session'] = '<strong>ERRO</strong>: Sessão incorreta Por favor, recarregar a página  web.';
$txt['notcaptcha_error_cookie'] = '<strong>ERROR</strong>:Cookie não definido. Certifique-se de cookies temporários são permitidos e tente novamente.';
$txt['notcaptcha_error_fail'] = '<strong>ERRO</strong>: Isso não e captcha esta incorreto.';
]]></add>
		</operation>
	</file>
	<file name="$languagedir/Modifications.polish-utf8.php" error="skip">
		<operation>
			<search position="end" />
			<add><![CDATA[
			
// begin notCaptcha strings
$txt['notcaptcha_gd_not_enabled'] = '<p style="color:maroon">BŁĄD: plugin notCaptcha: nie wykryto biblioteki GD image w PHP!</p>';
$txt['notcaptcha_jpegpnggif'] = '<p style="color:maroon">BŁĄD: plugin notCaptcha: brak funkcji tworzenia obrazków (imagepng/imagejpeg/imagegif) w PHP!</p>';

$txt['notcaptcha_form1'] = 'Przejdź przez proces CAPTCHA:';
$txt['notcaptcha_form2'] = 'Ułóż obrazki w <b>pionie</b>';
$txt['notcaptcha_reload'] = 'Przeładuj obrazki';
$txt['notcaptcha_move_em'] = 'Przesuń suwak aby zmienić kąt ustawienia obrazków';
$txt['notcaptcha_nojs'] = '<b>BŁĄD:</b> Musisz włączyć obsługę JavaScript oraz zezwolić na tymczasowe ciasteczka!';

$txt['notcaptcha_error_notdone'] = '<strong>BŁĄD</strong>: Proszę dokończyć dokończyć proces CAPTCHA.';
$txt['notcaptcha_error_toomuch'] = '<strong>BŁĄD</strong>: Wykryto za dużo błędnych prób przejścia przez proces CAPTCHA. Wciśnij przycisk wróć w swojej przeglądarce, a następnie naciśnij przycisk "przeładuj obrazki" i spróbuj ponownie.';
$txt['notcaptcha_error_session'] = '<strong>BŁĄD</strong>: Nieprawidłowa sesja. Proszę odśwież stronę.';
$txt['notcaptcha_error_cookie'] = '<strong>BŁĄD</strong>: Brak ciasteczka. Upewnij się, że twoja przeglądarka umożliwia obsługę tymczasowych ciasteczek i spróbuj ponownie.';
$txt['notcaptcha_error_fail'] = '<strong>BŁĄD</strong>: Błędna CAPTCHA.';
]]></add>
		</operation>
	</file>
	<file name="$languagedir/Modifications.russian-utf8.php" error="skip">
		<operation>
			<search position="end" />
			<add><![CDATA[

// плагин notCaptcha
$txt['notcaptcha_gd_not_enabled'] = '<p style="color:maroon"><strong>ОШИБКА</strong>: плагин notCaptcha: не обнаружено поддержки GD библиотеки в PHP!</p>';
$txt['notcaptcha_jpegpnggif'] = '<p style="color:maroon"><strong>ОШИБКА</strong>: плагин notCaptcha: не обнаружена поддержка (imagepng/imagejpeg/imagegif) функций в PHP!</p>';

$txt['notcaptcha_form1'] = 'Пожалуйста, выполните CAPTCHA:';
$txt['notcaptcha_form2'] = 'Пожалуйста, расположите иконки <strong>вертикально</strong>';
$txt['notcaptcha_reload'] = 'Перезагрузить изображение';
$txt['notcaptcha_move_em'] = 'Передвиньте ползунок так, чтобы иконки были выровнены <strong>вертикально</strong>.';
$txt['notcaptcha_nojs'] = '<strong>ОШИБКА:</strong> Вам необходимо активировать поддержку JavaScript и разрешить принятие временных cookie(куки-файлов) в вашем браузере!';

$txt['notcaptcha_error_notdone'] = '<strong>ОШИБКА</strong>: Пожалуйста, выполните CAPTCHA.';
$txt['notcaptcha_error_toomuch'] = '<strong>ОШИБКА</strong>: Достигнут предел максимального количества попыток выполнения CAPTCHA. Нажмите кнопку "возврат на предыдущую страницу" в вашем браузере, <strong>перезагрузите изображение</strong> и попробуйте снова.';
$txt['notcaptcha_error_session'] = '<strong>ОШИБКА</strong>: Неправильная сессия. Пожалуйста вернитесь и перезагрузите страницу.';
$txt['notcaptcha_error_cookie'] = '<strong>ОШИБКА</strong>: Cookie(куки-файлы) не установлены. Убедитесь в том, что в ваш браузер разрешает принятие временных cookie(куки-файлов) и попробуйте снова.';
$txt['notcaptcha_error_fail'] = '<strong>ОШИБКА</strong>: CAPTCHA был выполнен не верно.';
]]></add>
		</operation>
	</file>
	<file name="$languagedir/Modifications.spanish_latin-utf8.php" error="skip">
		<operation>
			<search position="end" />
			<add><![CDATA[

// begin notCaptcha strings
$txt['notcaptcha_gd_not_enabled'] = '<p style="color:maroon">ERROR: notCaptcha plugin: No se detecta soporte de PHP para imágenes GD!</p>';
$txt['notcaptcha_jpegpnggif'] = '<p style="color:maroon">ERROR: notCaptcha plugin: No se crea función de imagen (imagepng/imagejpeg/imagegif)  esta función no es detectada en PHP!</p>';

$txt['notcaptcha_form1'] = 'Complete el Captcha:';
$txt['notcaptcha_form2'] = 'Por favor coloque los iconos de forma <strong>vertical</strong>';
$txt['notcaptcha_reload'] = 'Recargar imágenes';
$txt['notcaptcha_move_em'] = 'Mueva los desplazadores para posicionar los iconos de forma <strong>vertical</strong>.';
$txt['notcaptcha_nojs'] = '<b>ERROR:</b> Es necesario activar JavaScript y habilitar las cookies  temporalmente!';

$txt['notcaptcha_error_notdone'] = '<strong>ERROR: </strong>Complete el Captcha.';
$txt['notcaptcha_error_toomuch'] = '<strong>ERROR:</strong> Se han hecho demasiados intentos para ingresar el  Captcha. Presione el botón "Volver atrás" de su navegador, <strong>recargue  las imágenes</strong> e intente nuevamente.';
$txt['notcaptcha_error_session'] = '<strong>ERROR:</strong> Sesión incorrecta. Por favor vuelva a tras y  actualice la página.';
$txt['notcaptcha_error_cookie'] = '<strong>ERROR:</strong> No se puede setear las Cookies. Asegúrese que las  cookies estén temporalmente activadas e intente nuevamente.';
$txt['notcaptcha_error_fail'] = '<strong>ERROR:</strong> El Captcha es incorrecto.';
]]></add>
		</operation>
	</file>
	<file name="$languagedir/Modifications.italian-utf8.php" error="skip">
		<operation>
			<search position="end" />
			<add><![CDATA[

// begin notCaptcha strings
$txt['notcaptcha_gd_not_enabled'] = '<p style="color:maroon">ERRORE: notCaptcha plugin: Non è stata trovata la libreria GD!</p>';
$txt['notcaptcha_jpegpnggif'] = '<p style="color:maroon">ERRORE: notCaptcha plugin: Non sono state trovate le funzioni PHP per la creazione delle immagini (imagepng/imagejpeg/imagegif)!</p>';

$txt['notcaptcha_form1'] = 'Risolvi il Captcha:';
$txt['notcaptcha_form2'] = 'Ruota le immagini in modo da posizionarle <b>verticalmente</b>';
$txt['notcaptcha_reload'] = 'Ricarica le immagini';
$txt['notcaptcha_move_em'] = 'Sposta i cursori fino ad avere delle immagini <b>verticali</b>.';
$txt['notcaptcha_nojs'] = '<b>ERRORE:</b> Devi abilitare Javascript e i Cookies!';

$txt['notcaptcha_error_notdone'] = '<strong>ERRORE</strong>: Devi completare il Captcha.';
$txt['notcaptcha_error_toomuch'] = '<strong>ERRORE</strong>: Hai fatto troppi tentativi. Torna indietro e ricarica le immagini per riprovare.';
$txt['notcaptcha_error_session'] = '<strong>ERRORE</strong>: Sessione non valida. Torna indietro e ricarica le immagini.';
$txt['notcaptcha_error_cookie'] = '<strong>ERRORE</strong>: Cookie non abilitato. Assicurati che i cookie temporanei siano abilitati e ritenta.';
$txt['notcaptcha_error_fail'] = '<strong>ERRORE</strong>: Non hai risolto il Captcha.';
]]></add>
		</operation>
	</file>
	<file name="$languagedir/Modifications.french-utf8.php" error="skip">
		<operation>
			<search position="end" />
			<add><![CDATA[

// begin notCaptcha strings
$txt['notcaptcha_gd_not_enabled'] = '<p style="color:maroon">ERREUR: plugin notCaptcha: Le support des GD image non détecté dans PHP!</p>';
$txt['notcaptcha_jpegpnggif'] = '<p style="color:maroon">ERREUR: plugin notCaptcha: aucune fonction de création d\'image (imagepng/imagejpeg/imagegif) la fonction n\'a pas été détectée dans PHP!</p>';

$txt['notcaptcha_form1'] = 'Completez le Captcha:';
$txt['notcaptcha_form2'] = 'Réplacez ces icones <b>verticallement</b>';
$txt['notcaptcha_reload'] = 'Recharger les images';
$txt['notcaptcha_move_em'] = 'Déplacez les barres pour replacer les icones <strong>verticallement</strong>.';
$txt['notcaptcha_nojs'] = '<b>ERREUR:</b> Vous devez activer JavaScript et autoriser temporairement les cookies!';

$txt['notcaptcha_error_notdone'] = '<strong>ERREUR</strong>: Merci de compléter le Captcha.';
$txt['notcaptcha_error_toomuch'] = '<strong>ERREUR</strong>: Vous avez fait trop d\'essais pour valider le Captcha. Pressez le bouton retour de votre navigateur, <b>rechargez les images</b> et essayez à nouveau.';
$txt['notcaptcha_error_session'] = '<strong>ERREUR</strong>: Session incorrecte. Merci de recharger la page.';
$txt['notcaptcha_error_cookie'] = '<strong>ERREUR</strong>: Cookie non valide. Vérifiez que vous avez autorisé les cookies dans votre navigateur.';
$txt['notcaptcha_error_fail'] = '<strong>ERREUR</strong>: Le Captcha est incorrecte.';
]]></add>
		</operation>
	</file>
	<file name="$languagedir/Modifications.czech-utf8.php" error="skip">
		<operation>
			<search position="end" />
			<add><![CDATA[

// begin notCaptcha strings
$txt['notcaptcha_gd_not_enabled'] = '<p style="color:maroon">ERROR: notCaptcha plugin: PHP GD modul nenalezen!</p>';
$txt['notcaptcha_jpegpnggif'] = '<p style="color:maroon">ERROR: notCaptcha plugin: PHP funkce generování obrázků (imagepng/imagejpeg/imagegif) nenalezena!</p>';

$txt['notcaptcha_form1'] = 'Vyřeš vizuální ověření:';
$txt['notcaptcha_form2'] = 'Zobraz tyto ikony ve <b>vertilání</b> poloze';
$txt['notcaptcha_reload'] = 'Vygenerovat jiné ikony';
$txt['notcaptcha_move_em'] = 'Pomocí posuvníků zobraz ikony <strong>vertikálně</strong>.';
$txt['notcaptcha_nojs'] = '<b>ERROR:</b> Musíte povolit JavaScript a dočasné soubory cookie!';

$txt['notcaptcha_error_notdone'] = '<strong>ERROR</strong>: Prosím vyřeš vizuální ověření.';
$txt['notcaptcha_error_toomuch'] = '<strong>ERROR</strong>: Provedli jste příliš mnoho pokusů o vyřešení vizuálního ověření, prosím vraťte se zpět,<b>vygenerujte nové ikony</b> a zkuste to znovu.';
$txt['notcaptcha_error_session'] = '<strong>ERROR</strong>: Nesprávná relace. Prosím, vraťte se a obnovte stránku.';
$txt['notcaptcha_error_cookie'] = '<strong>ERROR</strong>: Cookie nebylo nastaveno. Ujistěte se, že máte povoleny dočasné soubory cookies a zkuste to znovu.';
$txt['notcaptcha_error_fail'] = '<strong>ERROR</strong>: Chybně vyřešené vizuální ověření.';
]]></add>
		</operation>
	</file>
	<file name="$languagedir/Modifications.serbian_cyrillic-utf8.php" error="skip">
		<operation>
			<search position="end" />
			<add><![CDATA[

// begin notCaptcha strings
$txt['notcaptcha_gd_not_enabled'] = '<p style="color:maroon">ГРЕШКА: notCaptcha додатак: подршка за ГД слике није детектована у PHP!</p>';
$txt['notcaptcha_jpegpnggif'] = '<p style="color:maroon">ГРЕШКА: notCaptcha додатак: ниједна функција за прављење слика није нађена (imagepng/imagejpeg/imagegif) функција није детектована у PHP!</p>';

$txt['notcaptcha_form1'] = 'Решите проблем:';
$txt['notcaptcha_form2'] = 'Поставите слике <b>вертикално</b>';
$txt['notcaptcha_reload'] = 'Учитајте поново слике';
$txt['notcaptcha_move_em'] = 'Померите клизаче како би сте поређали слике <strong>вертикално</strong>.';
$txt['notcaptcha_nojs'] = '<b>ГРЕШКА:</b> Требате да активирате JavaScript и дозволите привремене колачиће(temporary cookies)!';

$txt['notcaptcha_error_notdone'] = '<strong>ГРЕШКА</strong>: Молимо вас решите проблем.';
$txt['notcaptcha_error_toomuch'] = '<strong>ГРЕШКА</strong>: Превише покушаја сте учинили за решавање проблема. Притисните дугме "НАЗАД" вашег претраживача <b>учитајте поново слике</b> и пробајте поново.';
$txt['notcaptcha_error_session'] = '<strong>ГРЕШКА</strong>: Сесија није важећа.Молимо вас вратите се назад и поново учитајте страницу.';
$txt['notcaptcha_error_cookie'] = '<strong>ГРЕШКА</strong>: Колачићи нису постављени. Молимо вас уверите се да су привремени колачићи(temporary cookies) дозвољени и покушајте поново.';
$txt['notcaptcha_error_fail'] = '<strong>ГРЕШКА</strong>: Решење проблема није тачно.';
]]></add>
		</operation>
	</file>
	<file name="$languagedir/Modifications.turkish-utf8.php" error="skip">
		<operation>
			<search position="end" />
			<add><![CDATA[

// begin notCaptcha strings
$txt['notcaptcha_gd_not_enabled'] = '<p style="color:maroon">HATA: notCaptcha eklentisi: PHP icinde GD resim destegi bulunamadi!</p>';
$txt['notcaptcha_jpegpnggif'] = '<p style="color:maroon">HATA: notCaptcha eklentisi: PHP icinde resim olusturma fonksiyonu (imagepng/imagejpeg/imagegif) bulunamadi!</p>';

$txt['notcaptcha_form1'] = 'Görsel dogrulamayi tamamlayin:';
$txt['notcaptcha_form2'] = 'Bu ikonlari <b>dikey</b> konuma getirin';
$txt['notcaptcha_reload'] = 'Resimleri tekrar yükleyin';
$txt['notcaptcha_move_em'] = 'Resimleri <strong>dikey</strong> olarak konumlamak icin ibreler ile oynayin.';
$txt['notcaptcha_nojs'] = '<b>HATA:</b> JavaScript\'i aktif hale getirmeli ve cerezlere izin vermelisiniz!';

$txt['notcaptcha_error_notdone'] = '<strong>HATA</strong>: Lütfen görsel dogrulamayi tamamlayin.';
$txt['notcaptcha_error_toomuch'] = '<strong>HATA</strong>: Görsel dogrulama için çok fazla deneme yaptiniz. Lütfen tarayicinizin GERI tusuna basin, <b>resimleri tekrar yükleyin</b> ve tekrar deneyin.';
$txt['notcaptcha_error_session'] = '<strong>HATA</strong>: Gecersiz oturum. Lütfen geri gidin ve sayfayi yenileyin.';
$txt['notcaptcha_error_cookie'] = '<strong>HATA</strong>: Cerez ayarlanmadi. Lütfen cerezlere izin verildiginden emin olun.';
$txt['notcaptcha_error_fail'] = '<strong>HATA</strong>: Görsel dogrulama yanlis girildi.';
]]></add>
		</operation>
	</file>
	<file name="$languagedir/Modifications.danish-utf8.php" error="skip">
		<operation>
			<search position="end" />
			<add><![CDATA[

// begin notCaptcha strings
$txt['notcaptcha_gd_not_enabled'] = '<p style="color:maroon">FEJL: notCaptcha plugin: GD billed understøttelse ikke fundet for PHP!</p>';
$txt['notcaptcha_jpegpnggif'] = '<p style="color:maroon">FEJL: notCaptcha plugin: Ingen "image create" funktion (imagepng/imagejpeg/imagegif) funktion ikke fundet i PHP!</p>';

$txt['notcaptcha_form1'] = 'Før du kan registrere dig skal du fuldende denne captcha funktion:';
$txt['notcaptcha_form2'] = 'Juster ikonerne til højre så de står <b>lodret</b>';
$txt['notcaptcha_reload'] = 'Genindlæs ikoner';
$txt['notcaptcha_move_em'] = 'Flyt den vandrette skyder indtil ikonerne står <strong>lodret</strong>.';
$txt['notcaptcha_nojs'] = '<b>FEJL:</b> Du skal aktivere Java og tillade midlertidige cookies!';

$txt['notcaptcha_error_notdone'] = '<strong>FEJL</strong>: Venligst færdiggør captcha.';
$txt['notcaptcha_error_toomuch'] = '<strong>FEJL</strong>: Du har forsøgt at løse captcha for meget. Tryk "tilbage", <b>genindlæs billeder</b> og prøv igen.';
$txt['notcaptcha_error_session'] = '<strong>FEJL</strong>: Forkert session. Gå tilbage og genindlæs siden.';
$txt['notcaptcha_error_cookie'] = '<strong>FEJL</strong>: Cookie ikke sat. Tjek at midlertidige cookies tillades og prøv igen.';
$txt['notcaptcha_error_fail'] = '<strong>FEJL</strong>: Du gør dig ikke umage nok!';
]]></add>
		</operation>
	</file>
</modification>
