<?xml version="1.0"?>
<!DOCTYPE package-info SYSTEM "http://www.simplemachines.org/xml/package-info">
<!-- - - - - - - - - - - - - - - - - - - - - - - - - - - - - - - - - - - - - - -

	ATTENTION: If you are trying to install this manually, you should try
	the package manager.  If it will not work for you, please take a look
	at the following for information on this format:
		http://www.simplemachines.org/redirect/manual_mod_install

================================================================================

	This script can be used to make your package do many different things.
	The following documentation should be available on the format of this
	file and the things you can do with it:
		http://www.simplemachines.org/redirect/mod_package_sdk

 - - - - - - - - - - - - - - - - - - - - - - - - - - - - - - - - - - - - - - -->

<package-info xmlns="http://www.simplemachines.org/xml/package-info" xmlns:smf="http://www.simplemachines.org/">
	<id>fr3aker</id>
	<name>notCaptcha</name>
	<version>1.06</version>
	<type>modification</type>


	<install for="1.1.1 - 1.99.99">
		<modification format="xml" type="file">install.xml</modification>
		<modification format="xml" type="file">language.xml</modification>
		<modification format="xml" type="file">language-utf-8.xml</modification>
		<require-file name="not-captcha.php" destination="$sourcedir" />
		<require-dir name="notcaptcha" destination="$boarddir" />
		<code type="file">generate_config.php</code>
	</install>
	<install for="2.0 RC4 - 2.99.99">
		<modification format="xml" type="file">install_2.xml</modification>
		<modification format="xml" type="file">language.xml</modification>
		<modification format="xml" type="file">language-utf-8.xml</modification>
		<require-file name="not-captcha.php" destination="$sourcedir" />
		<require-dir name="notcaptcha" destination="$boarddir" />
		<!-- I dont get why <code> is deprecated, but thats the way to go in 2.x -->
		<database type="file">generate_config.php</database>
	</install>

	<uninstall for="1.1.1 - 1.99.99">
		<modification format="xml" type="file" reverse="true">install.xml</modification>
		<modification format="xml" type="file" reverse="true">language.xml</modification>
		<modification format="xml" type="file" reverse="true">language-utf-8.xml</modification>
		<remove-file name="$sourcedir/not-captcha.php" />
		<remove-dir name="$boarddir/notcaptcha" />
	</uninstall>
	<uninstall for="2.0 RC4 - 2.99.99">
		<modification format="xml" type="file" reverse="true">install_2.xml</modification>
		<modification format="xml" type="file" reverse="true">language.xml</modification>
		<modification format="xml" type="file" reverse="true">language-utf-8.xml</modification>
		<remove-file name="$sourcedir/not-captcha.php" />
		<remove-dir name="$boarddir/notcaptcha" />
	</uninstall>

</package-info>
